{
	"class_name" : "ViewTrajectory",
	"interval" : 29,
	"is_loop" : false,
	"trajectory" : 
	[
		{
			"boundingbox_max" : [ 9.2319183349609375, 7.0449337959289551, -5.0988311767578125 ],
			"boundingbox_min" : [ -6.7592053413391113, -3.9268119335174561, -14.81442928314209 ],
			"field_of_view" : 60.0,
			"front" : [ -0.1098844175338607, -0.15094016673731012, 0.98241665338519035 ],
			"lookat" : [ -0.2924159396251152, 2.6346082253393028, -7.9849990886389763 ],
			"up" : [ -0.0046667753151810737, 0.98846950275756928, 0.15134815270217694 ],
			"zoom" : 0.69999999999999996
		}
	],
	"version_major" : 1,
	"version_minor" : 0
}