{
    "header": {
      "seq": 506511,
      "stamp": {
        "sec": 1567880852,
        "nsec": 64994566
      },
      "frame_id": "head_rgbd_sensor_rgb_frame"
    },
    "height": 480,
    "width": 640,
    "distortion_model": "plumb_bob",
    "D": [
      0.06221163438504582,
      -0.2196314239325009,
      -0.0001152980004131749,
      -0.0009528280601941514,
      0.15652471413909
    ],
    "K": [
      538.391033533567,
      0,
      315.3074696331638,
      0,
      538.085452058436,
      233.0483557773859,
      0,
      0,
      1
    ],
    "R": [
      1,
      0,
      0,
      0,
      1,
      0,
      0,
      0,
      1
    ],
    "P": [
      538.391033533567,
      0,
      315.3074696331638,
      0,
      0,
      538.085452058436,
      233.0483557773859,
      0,
      0,
      0,
      1,
      0
    ],
    "binning_x": 0,
    "binning_y": 0,
    "roi": {
      "x_offset": 0,
      "y_offset": 0,
      "height": 0,
      "width": 0,
      "do_rectify": false
    }
  }