{
	"class_name" : "ViewTrajectory",
	"interval" : 29,
	"is_loop" : false,
	"trajectory" : 
	[
		{
			"boundingbox_max" : [ 9.2319183349609375, 7.0449337959289551, 1.0 ],
			"boundingbox_min" : [ -6.7592053413391113, -3.9268119335174561, -14.81442928314209 ],
			"field_of_view" : 60.0,
			"front" : [ -0.70585853489979433, 0.54856775514256695, 0.44814857662047808 ],
			"lookat" : [ 0.5734814397655017, -1.3524820094928052, -9.1834509034483744 ],
			"up" : [ 0.70774330396369822, 0.51992569721997961, 0.47830605794288927 ],
			"zoom" : 0.32
		}
	],
	"version_major" : 1,
	"version_minor" : 0
}