{"map": -1.0, "map_50": -1.0, "map_75": -1.0, "map_small": 0.018145956099033356, "map_medium": 0.13019943237304688, "map_large": -1.0, "mar_1": 0.08974359184503555, "mar_3": 0.11172161251306534, "mar_5": 0.11172161251306534, "mar_small": 0.07988165318965912, "mar_medium": 0.16346153616905212, "mar_large": -1.0}