{
	"class_name" : "ViewTrajectory",
	"interval" : 29,
	"is_loop" : false,
	"trajectory" : 
	[
		{
			"boundingbox_max" : [ 2.2235708236694336, 2.3726458549499512, 1.0 ],
			"boundingbox_min" : [ -0.55934441089630127, -0.059999999999999998, -0.059999999999999998 ],
			"field_of_view" : 60.0,
			"front" : [ 0.28098443158107372, -0.73172582418713683, 0.62098717170865647 ],
			"lookat" : [ 1.171953813462582, 1.4418738240654645, 0.64636762775499801 ],
			"up" : [ -0.23322429275127921, 0.57559630830674646, 0.78376994018290236 ],
			"zoom" : 0.75
		}
	],
	"version_major" : 1,
	"version_minor" : 0
}