{
	"class_name" : "ViewTrajectory",
	"interval" : 29,
	"is_loop" : false,
	"trajectory" : 
	[
		{
			"boundingbox_max" : [ 2.2235708236694336, 2.3726458549499512, 0.97684460878372192 ],
			"boundingbox_min" : [ -0.55934441089630127, -0.035999999999999997, -0.035999999999999997 ],
			"field_of_view" : 60.0,
			"front" : [ 0.39641476077587301, -0.7493548245281012, 0.53039860896826097 ],
			"lookat" : [ 1.2664529343028958, 1.4396008121388468, 0.59646506451762915 ],
			"up" : [ -0.25607120864376937, 0.46455355889456057, 0.84771311599037857 ],
			"zoom" : 0.7
		}
	],
	"version_major" : 1,
	"version_minor" : 0
}