{"map": -1.0, "map_50": -1.0, "map_75": -1.0, "map_small": 0.017114367336034775, "map_medium": 0.31657278537750244, "map_large": -1.0, "mar_1": 0.08836618065834045, "mar_3": 0.12015257775783539, "mar_5": 0.12015257775783539, "mar_small": 0.04817404970526695, "mar_medium": 0.4440559446811676, "mar_large": -1.0}